Workbook

Sheet Countries
A1: Country name | B1: ISO2 | C1: Region
A2: ABW | B2: AW | C2: =VLOOKUP(B2,Region!B:C,2,FALSE) -> LATAM
A3: AD | B3: AD | C3: =VLOOKUP(B3,Region!B:C,2,FALSE) -> EMEA
A4: AE | B4: AE | C4: =VLOOKUP(B4,Region!B:C,2,FALSE) -> EMEA
A5: AF | B5: AF | C5: =VLOOKUP(B5,Region!B:C,2,FALSE) -> EMEA
A6: AFG | B6: AF | C6: =VLOOKUP(B6,Region!B:C,2,FALSE) -> EMEA
A7: Afghanistan | B7: AF | C7: =VLOOKUP(B7,Region!B:C,2,FALSE) -> EMEA
A8: AG | B8: AG | C8: =VLOOKUP(B8,Region!B:C,2,FALSE) -> LATAM
A9: AGO | B9: AO | C9: =VLOOKUP(B9,Region!B:C,2,FALSE) -> EMEA
A10: AI | B10: AI | C10: =VLOOKUP(B10,Region!B:C,2,FALSE) -> LATAM
A11: AIA | B11: AI | C11: =VLOOKUP(B11,Region!B:C,2,FALSE) -> LATAM
A12: AL | B12: AL | C12: =VLOOKUP(B12,Region!B:C,2,FALSE) -> EMEA
A13: ALA | B13: AX | C13: =VLOOKUP(B13,Region!B:C,2,FALSE) -> EMEA
... A551: Netherlands | B551: NL | C551: =VLOOKUP(B551,Region!B:C,2,FALSE) -> EMEA
A552: Netherlands Antilles | C552: =VLOOKUP(B552,Region!B:C,2,FALSE) -> #N/A
A553: Netherlands, Kingdom of the | B553: NL | C553: =VLOOKUP(B553,Region!B:C,2,FALSE) -> EMEA
A554: New Caledonia | B554: NC | C554: =VLOOKUP(B554,Region!B:C,2,FALSE) -> APAC
A555: New Zealand | B555: NZ | C555: =VLOOKUP(B555,Region!B:C,2,FALSE) -> APAC
A556: NF | B556: NF | C556: =VLOOKUP(B556,Region!B:C,2,FALSE) -> APAC
A557: NFK | B557: NF | C557: =VLOOKUP(B557,Region!B:C,2,FALSE) -> APAC
A558: NG | B558: NG | C558: =VLOOKUP(B558,Region!B:C,2,FALSE) -> EMEA
A559: NGA | B559: NG | C559: =VLOOKUP(B559,Region!B:C,2,FALSE) -> EMEA
A560: NI | B560: NI | C560: =VLOOKUP(B560,Region!B:C,2,FALSE) -> LATAM
A561: NIC | B561: NI | C561: =VLOOKUP(B561,Region!B:C,2,FALSE) -> LATAM
A562: Nicaragua | B562: NI | C562: =VLOOKUP(B562,Region!B:C,2,FALSE) -> LATAM
A563: Niger | B563: NE | C563: =VLOOKUP(B563,Region!B:C,2,FALSE) -> EMEA
A564: Nigeria | B564: NG | C564: =VLOOKUP(B564,Region!B:C,2,FALSE) -> EMEA
... A931: ZWE | B931: ZW | C931: =VLOOKUP(B931,Region!B:C,2,FALSE) -> EMEA

Sheet EU Countries
A1: Austria | B1: =VLOOKUP(A1,Table3[[Country name]:[ISO2]],2,FALSE) -> AT | C1: TRUE
A2: Belgium | B2: =VLOOKUP(A2,Table3[[Country name]:[ISO2]],2,FALSE) -> BE | C2: TRUE
A3: Bulgaria | B3: =VLOOKUP(A3,Table3[[Country name]:[ISO2]],2,FALSE) -> BG | C3: TRUE
A4: Croatia | B4: =VLOOKUP(A4,Table3[[Country name]:[ISO2]],2,FALSE) -> HR | C4: TRUE
A5: Cyprus | B5: =VLOOKUP(A5,Table3[[Country name]:[ISO2]],2,FALSE) -> CY | C5: TRUE
A6: Czechia | B6: =VLOOKUP(A6,Table3[[Country name]:[ISO2]],2,FALSE) -> CZ | C6: TRUE
A7: Denmark | B7: =VLOOKUP(A7,Table3[[Country name]:[ISO2]],2,FALSE) -> DK | C7: TRUE
A8: Estonia | B8: =VLOOKUP(A8,Table3[[Country name]:[ISO2]],2,FALSE) -> EE | C8: TRUE
A9: Finland | B9: =VLOOKUP(A9,Table3[[Country name]:[ISO2]],2,FALSE) -> FI | C9: TRUE
A10: France | B10: =VLOOKUP(A10,Table3[[Country name]:[ISO2]],2,FALSE) -> FR | C10: TRUE
A11: Germany | B11: =VLOOKUP(A11,Table3[[Country name]:[ISO2]],2,FALSE) -> DE | C11: TRUE
A12: Greece | B12: =VLOOKUP(A12,Table3[[Country name]:[ISO2]],2,FALSE) -> GR | C12: TRUE
... A27: Sweden | B27: =VLOOKUP(A27,Table3[[Country name]:[ISO2]],2,FALSE) -> SE | C27: TRUE

Sheet Latitude & Longitude
A1: Country | B1: Alpha-2 | C1: Alpha-3 | D1: Country ID | E1: Latitude | F1: Longitude
A2: Afghanistan | B2: AF | C2: AFG | D2: 4 | E2: 33 | F2: 65
A3: Albania | B3: AL | C3: ALB | D3: 8 | E3: 41 | F3: 20
A4: Algeria | B4: DZ | C4: DZA | D4: 12 | E4: 28 | F4: 3
A5: American Samoa | B5: AS | C5: ASM | D5: 16 | E5: -14.3333 | F5: -170
A6: Andorra | B6: AD | C6: AND | D6: 20 | E6: 42.5 | F6: 1.6
A7: Angola | B7: AO | C7: AGO | D7: 24 | E7: -12.5 | F7: 18.5
A8: Anguilla | B8: AI | C8: AIA | D8: 660 | E8: 18.25 | F8: -63.1667
A9: Antarctica | B9: AQ | C9: ATA | D9: 10 | E9: -90 | F9: 0
A10: Antigua and Barbuda | B10: AG | C10: ATG | D10: 28 | E10: 17.05 | F10: -61.8
A11: Argentina | B11: AR | C11: ARG | D11: 32 | E11: -34 | F11: -64
A12: Armenia | B12: AM | C12: ARM | D12: 51 | E12: 40 | F12: 45
A13: Aruba | B13: AW | C13: ABW | D13: 533 | E13: 12.5 | F13: -69.9667
... A245: Zimbabwe | B245: ZW | C245: ZWE | D245: 716 | E245: -20 | F245: 30

Sheet Region
A1: Country | B1: ISO 3166 | C1: Region
A2: Afghanistan | B2: AF | C2: EMEA
A3: Åland Islands | B3: AX | C3: EMEA
A4: Albania | B4: AL | C4: EMEA
A5: Algeria | B5: DZ | C5: EMEA
A6: American Samoa | B6: AS | C6: APAC
A7: Andorra | B7: AD | C7: EMEA
A8: Angola | B8: AO | C8: EMEA
A9: Anguilla | B9: AI | C9: LATAM
A10: Antarctica | B10: AQ | C10: APAC
A11: Antigua and Barbuda | B11: AG | C11: LATAM
A12: Argentina | B12: AR | C12: LATAM
... A250: Zimbabwe | B250: ZW | C250: EMEA
B251: UK | C251: EMEA

Sheet Currencies
A1: From | B1: Currency Name | C1: To | D1: Exchange Rate | E1: Conversion date | F1: To USD | G1: Exchange Rate to USD | H1: Conversion date USD
A2: USD | B2: US dollar | C2: EUR | D2: 0.8435 | E2: 46048 | F2: USD | G2: 1 | H2: 46048
A3: JPY | B3: Japanese yen | C3: EUR | D3: 0.005479 | E3: 46048 | F3: USD | G3: 0.006496 | H3: 46048
A4: BGN | B4: Bulgarian lev | C4: EUR | D4: 0.5124 | E4: 46048 | F4: USD | G4: 0.6005 | H4: 46048
A5: CZK | B5: Czech koruna | C5: EUR | D5: 0.04124 | E5: 46048 | F5: USD | G5: 0.04888 | H5: 46048
A6: DKK | B6: Danish krone | C6: EUR | D6: 0.1339 | E6: 46048 | F6: USD | G6: 0.1587 | H6: 46048
A7: GBP | B7: Pound sterling | C7: EUR | D7: 1.1522 | E7: 46048 | F7: USD | G7: 1.3659 | H7: 46048
A8: HUF | B8: Hungarian forint | C8: EUR | D8: 0.002618 | E8: 46048 | F8: USD | G8: 0.003104 | H8: 46048
A9: PLN | B9: Polish zloty | C9: EUR | D9: 0.2376 | E9: 46048 | F9: USD | G9: 0.2817 | H9: 46048
A10: RON | B10: Romanian leu | C10: EUR | D10: 0.1961 | E10: 46048 | F10: USD | G10: 0.2325 | H10: 46048
A11: SEK | B11: Swedish krona | C11: EUR | D11: 0.0942 | E11: 46048 | F11: USD | G11: 0.1117 | H11: 46048
A12: CHF | B12: Swiss franc | C12: EUR | D12: 1.084 | E12: 46048 | F12: USD | G12: 1.2849 | H12: 46048
A13: ISK | B13: Icelandic krona | C13: EUR | D13: 0.00687 | E13: 46048 | F13: USD | G13: 0.008144 | H13: 46048
... A61: RWF | B61: Rwandan Franc | C61: EUR | D61: 0.0005761 | E61: 46048 | F61: USD | G61: 0.000683 | H61: 46048

Sheet Missing Countries
A1: Country Name
A3: North Korea

Sheet Missing Currencies
A1: CURRENCY | B1: Count
A2: USS | B2: 4
A3: SG | B3: 1
A4: LSL | B4: 7
B5: 420019
A6: CZ | B6: 1
A7: BEF | B7: 1
A8: CНF | B8: 48
A9: CNH | B9: 1
B10: 4141
A11: TWD | B11: 1
